group,rtt_ms,trial,seconds,read_bytes,written_bytes
x25519,10,1,0.05,748,287
x25519,10,2,0.05,749,287
x25519,10,3,0.05,748,287
x25519,10,4,0.05,748,287
x25519,10,5,0.05,749,287
x25519,10,6,0.05,750,287
x25519,10,7,0.05,748,287
x25519,10,8,0.05,749,287
x25519,10,9,0.05,748,287
x25519,10,10,0.05,749,287
x25519,10,11,0.05,749,287
x25519,10,12,0.04,748,287
x25519,10,13,0.04,749,287
x25519,10,14,0.05,748,287
x25519,10,15,0.05,749,287
x25519,10,16,0.05,750,287
x25519,10,17,0.05,748,287
x25519,10,18,0.05,749,287
x25519,10,19,0.05,750,287
x25519,10,20,0.05,749,287
X25519MLKEM768,10,1,0.06,1836,1463
X25519MLKEM768,10,2,0.05,1837,1463
X25519MLKEM768,10,3,0.06,1837,1463
X25519MLKEM768,10,4,0.05,1836,1463
X25519MLKEM768,10,5,0.05,1838,1463
X25519MLKEM768,10,6,0.05,1837,1463
X25519MLKEM768,10,7,0.05,1837,1463
X25519MLKEM768,10,8,0.05,1837,1463
X25519MLKEM768,10,9,0.05,1838,1463
X25519MLKEM768,10,10,0.05,1836,1463
X25519MLKEM768,10,11,0.05,1837,1463
X25519MLKEM768,10,12,0.05,1836,1463
X25519MLKEM768,10,13,0.05,1837,1463
X25519MLKEM768,10,14,0.06,1837,1463
X25519MLKEM768,10,15,0.04,1837,1463
X25519MLKEM768,10,16,0.05,1837,1463
X25519MLKEM768,10,17,0.06,1836,1463
X25519MLKEM768,10,18,0.05,1836,1463
X25519MLKEM768,10,19,0.05,1838,1463
X25519MLKEM768,10,20,0.05,1838,1463
mlkem512,10,1,0.05,1485,1047
mlkem512,10,2,0.05,1486,1047
mlkem512,10,3,0.05,1484,1047
mlkem512,10,4,0.05,1486,1047
mlkem512,10,5,0.05,1486,1047
mlkem512,10,6,0.05,1484,1047
mlkem512,10,7,0.05,1485,1047
mlkem512,10,8,0.05,1486,1047
mlkem512,10,9,0.05,1485,1047
mlkem512,10,10,0.05,1485,1047
mlkem512,10,11,0.05,1485,1047
mlkem512,10,12,0.05,1486,1047
mlkem512,10,13,0.05,1484,1047
mlkem512,10,14,0.05,1484,1047
mlkem512,10,15,0.05,1485,1047
mlkem512,10,16,0.05,1485,1047
mlkem512,10,17,0.05,1486,1047
mlkem512,10,18,0.05,1484,1047
mlkem512,10,19,0.05,1485,1047
mlkem512,10,20,0.04,1485,1047
mlkem768,10,1,0.05,1804,1431
mlkem768,10,2,0.05,1804,1431
mlkem768,10,3,0.05,1804,1431
mlkem768,10,4,0.05,1805,1431
mlkem768,10,5,0.05,1805,1431
mlkem768,10,6,0.04,1805,1431
mlkem768,10,7,0.05,1805,1431
mlkem768,10,8,0.05,1804,1431
mlkem768,10,9,0.05,1804,1431
mlkem768,10,10,0.05,1806,1431
mlkem768,10,11,0.05,1804,1431
mlkem768,10,12,0.05,1806,1431
mlkem768,10,13,0.05,1805,1431
mlkem768,10,14,0.05,1806,1431
mlkem768,10,15,0.05,1805,1431
mlkem768,10,16,0.05,1806,1431
mlkem768,10,17,0.04,1804,1431
mlkem768,10,18,0.04,1805,1431
mlkem768,10,19,0.04,1805,1431
mlkem768,10,20,0.04,1805,1431
mlkem1024,10,1,0.05,2285,1815
mlkem1024,10,2,0.05,2286,1815
mlkem1024,10,3,0.05,2284,1815
mlkem1024,10,4,0.05,2285,1815
mlkem1024,10,5,0.05,2286,1815
mlkem1024,10,6,0.05,2284,1815
mlkem1024,10,7,0.05,2285,1815
mlkem1024,10,8,0.05,2285,1815
mlkem1024,10,9,0.05,2285,1815
mlkem1024,10,10,0.04,2285,1815
mlkem1024,10,11,0.05,2285,1815
mlkem1024,10,12,0.05,2285,1815
mlkem1024,10,13,0.05,2285,1815
mlkem1024,10,14,0.05,2286,1815
mlkem1024,10,15,0.04,2285,1815
mlkem1024,10,16,0.05,2285,1815
mlkem1024,10,17,0.05,2285,1815
mlkem1024,10,18,0.05,2284,1815
mlkem1024,10,19,0.05,2285,1815
mlkem1024,10,20,0.05,2284,1815
hqc128,10,1,0.10,5150,2496
hqc128,10,2,0.10,5150,2496
hqc128,10,3,0.10,5150,2496
hqc128,10,4,0.10,5149,2496
hqc128,10,5,0.09,5151,2496
hqc128,10,6,0.09,5150,2496
hqc128,10,7,0.09,5149,2496
hqc128,10,8,0.09,5151,2496
hqc128,10,9,0.08,5150,2496
hqc128,10,10,0.10,5149,2496
hqc128,10,11,0.09,5151,2496
hqc128,10,12,0.08,5151,2496
hqc128,10,13,0.10,5149,2496
hqc128,10,14,0.09,5151,2496
hqc128,10,15,0.09,5151,2496
hqc128,10,16,0.10,5149,2496
hqc128,10,17,0.10,5151,2496
hqc128,10,18,0.09,5149,2496
hqc128,10,19,0.10,5151,2496
hqc128,10,20,0.09,5149,2496
hqc192,10,1,0.16,9696,4769
hqc192,10,2,0.16,9693,4769
hqc192,10,3,0.16,9695,4769
hqc192,10,4,0.17,9695,4769
hqc192,10,5,0.15,9695,4769
hqc192,10,6,0.16,9694,4769
hqc192,10,7,0.16,9695,4769
hqc192,10,8,0.17,9695,4769
hqc192,10,9,0.16,9695,4769
hqc192,10,10,0.17,9695,4769
hqc192,10,11,0.16,9695,4769
hqc192,10,12,0.16,9696,4769
hqc192,10,13,0.15,9695,4769
hqc192,10,14,0.15,9696,4769
hqc192,10,15,0.16,9695,4769
hqc192,10,16,0.16,9696,4769
hqc192,10,17,0.17,9694,4769
hqc192,10,18,0.16,9696,4769
hqc192,10,19,0.18,9695,4769
hqc192,10,20,0.17,9695,4769
hqc256,10,1,0.27,15137,7492
hqc256,10,2,0.26,15138,7492
hqc256,10,3,0.27,15138,7492
hqc256,10,4,0.26,15139,7492
hqc256,10,5,0.26,15138,7492
hqc256,10,6,0.26,15139,7492
hqc256,10,7,0.26,15138,7492
hqc256,10,8,0.27,15138,7492
hqc256,10,9,0.26,15138,7492
hqc256,10,10,0.26,15139,7492
hqc256,10,11,0.26,15138,7492
hqc256,10,12,0.28,15138,7492
hqc256,10,13,0.26,15137,7492
hqc256,10,14,0.26,15138,7492
hqc256,10,15,0.27,15139,7492
hqc256,10,16,0.26,15139,7492
hqc256,10,17,0.27,15139,7492
hqc256,10,18,0.26,15137,7492
hqc256,10,19,0.27,15139,7492
hqc256,10,20,0.26,15137,7492
x25519,50,1,0.17,748,287
x25519,50,2,0.16,748,287
x25519,50,3,0.17,748,287
x25519,50,4,0.17,750,287
x25519,50,5,0.17,750,287
x25519,50,6,0.17,750,287
x25519,50,7,0.17,748,287
x25519,50,8,0.17,748,287
x25519,50,9,0.17,749,287
x25519,50,10,0.17,748,287
x25519,50,11,0.17,749,287
x25519,50,12,0.17,748,287
x25519,50,13,0.17,748,287
x25519,50,14,0.17,748,287
x25519,50,15,0.17,748,287
x25519,50,16,0.17,750,287
x25519,50,17,0.17,750,287
x25519,50,18,0.17,749,287
x25519,50,19,0.17,748,287
x25519,50,20,0.17,750,287
X25519MLKEM768,50,1,0.18,1837,1463
X25519MLKEM768,50,2,0.18,1837,1463
X25519MLKEM768,50,3,0.17,1837,1463
X25519MLKEM768,50,4,0.17,1837,1463
X25519MLKEM768,50,5,0.17,1838,1463
X25519MLKEM768,50,6,0.17,1838,1463
X25519MLKEM768,50,7,0.17,1837,1463
X25519MLKEM768,50,8,0.17,1837,1463
X25519MLKEM768,50,9,0.17,1837,1463
X25519MLKEM768,50,10,0.17,1838,1463
X25519MLKEM768,50,11,0.18,1838,1463
X25519MLKEM768,50,12,0.17,1836,1463
X25519MLKEM768,50,13,0.17,1837,1463
X25519MLKEM768,50,14,0.18,1838,1463
X25519MLKEM768,50,15,0.17,1837,1463
X25519MLKEM768,50,16,0.17,1837,1463
X25519MLKEM768,50,17,0.17,1836,1463
X25519MLKEM768,50,18,0.17,1837,1463
X25519MLKEM768,50,19,0.17,1836,1463
X25519MLKEM768,50,20,0.18,1837,1463
mlkem512,50,1,0.17,1486,1047
mlkem512,50,2,0.17,1486,1047
mlkem512,50,3,0.17,1485,1047
mlkem512,50,4,0.17,1485,1047
mlkem512,50,5,0.17,1485,1047
mlkem512,50,6,0.17,1485,1047
mlkem512,50,7,0.17,1485,1047
mlkem512,50,8,0.17,1485,1047
mlkem512,50,9,0.17,1485,1047
mlkem512,50,10,0.17,1485,1047
mlkem512,50,11,0.17,1484,1047
mlkem512,50,12,0.16,1484,1047
mlkem512,50,13,0.17,1485,1047
mlkem512,50,14,0.17,1484,1047
mlkem512,50,15,0.17,1485,1047
mlkem512,50,16,0.17,1485,1047
mlkem512,50,17,0.17,1486,1047
mlkem512,50,18,0.17,1485,1047
mlkem512,50,19,0.17,1485,1047
mlkem512,50,20,0.17,1484,1047
mlkem768,50,1,0.16,1806,1431
mlkem768,50,2,0.16,1805,1431
mlkem768,50,3,0.17,1805,1431
mlkem768,50,4,0.17,1805,1431
mlkem768,50,5,0.17,1806,1431
mlkem768,50,6,0.17,1805,1431
mlkem768,50,7,0.17,1805,1431
mlkem768,50,8,0.17,1804,1431
mlkem768,50,9,0.17,1806,1431
mlkem768,50,10,0.17,1806,1431
mlkem768,50,11,0.17,1806,1431
mlkem768,50,12,0.17,1804,1431
mlkem768,50,13,0.17,1806,1431
mlkem768,50,14,0.17,1805,1431
mlkem768,50,15,0.17,1805,1431
mlkem768,50,16,0.17,1804,1431
mlkem768,50,17,0.17,1804,1431
mlkem768,50,18,0.17,1804,1431
mlkem768,50,19,0.17,1805,1431
mlkem768,50,20,0.17,1806,1431
mlkem1024,50,1,0.17,2286,1815
mlkem1024,50,2,0.17,2285,1815
mlkem1024,50,3,0.17,2285,1815
mlkem1024,50,4,0.17,2284,1815
mlkem1024,50,5,0.17,2285,1815
mlkem1024,50,6,0.17,2286,1815
mlkem1024,50,7,0.17,2285,1815
mlkem1024,50,8,0.17,2286,1815
mlkem1024,50,9,0.17,2286,1815
mlkem1024,50,10,0.17,2284,1815
mlkem1024,50,11,0.17,2286,1815
mlkem1024,50,12,0.17,2284,1815
mlkem1024,50,13,0.17,2284,1815
mlkem1024,50,14,0.17,2285,1815
mlkem1024,50,15,0.17,2286,1815
mlkem1024,50,16,0.17,2285,1815
mlkem1024,50,17,0.17,2284,1815
mlkem1024,50,18,0.17,2285,1815
mlkem1024,50,19,0.17,2285,1815
mlkem1024,50,20,0.17,2285,1815
hqc128,50,1,0.23,5151,2496
hqc128,50,2,0.23,5151,2496
hqc128,50,3,0.23,5150,2496
hqc128,50,4,0.23,5151,2496
hqc128,50,5,0.23,5151,2496
hqc128,50,6,0.23,5151,2496
hqc128,50,7,0.23,5150,2496
hqc128,50,8,0.23,5151,2496
hqc128,50,9,0.22,5151,2496
hqc128,50,10,0.22,5150,2496
hqc128,50,11,0.22,5150,2496
hqc128,50,12,0.23,5151,2496
hqc128,50,13,0.22,5149,2496
hqc128,50,14,0.22,5150,2496
hqc128,50,15,0.23,5150,2496
hqc128,50,16,0.23,5150,2496
hqc128,50,17,0.23,5149,2496
hqc128,50,18,0.23,5150,2496
hqc128,50,19,0.22,5150,2496
hqc128,50,20,0.22,5151,2496
hqc192,50,1,0.30,9696,4769
hqc192,50,2,0.30,9696,4769
hqc192,50,3,0.30,9695,4769
hqc192,50,4,0.30,9696,4769
hqc192,50,5,0.29,9696,4769
hqc192,50,6,0.31,9694,4769
hqc192,50,7,0.30,9695,4769
hqc192,50,8,0.28,9694,4769
hqc192,50,9,0.30,9695,4769
hqc192,50,10,0.30,9694,4769
hqc192,50,11,0.31,9695,4769
hqc192,50,12,0.31,9695,4769
hqc192,50,13,0.30,9695,4769
hqc192,50,14,0.34,9695,4769
hqc192,50,15,0.31,9695,4769
hqc192,50,16,0.31,9695,4769
hqc192,50,17,0.31,9695,4769
hqc192,50,18,0.31,9694,4769
hqc192,50,19,0.30,9695,4769
hqc192,50,20,0.30,9695,4769
hqc256,50,1,0.46,15138,7492
hqc256,50,2,0.45,15139,7492
hqc256,50,3,0.45,15137,7492
hqc256,50,4,0.45,15136,7492
hqc256,50,5,0.45,15137,7492
hqc256,50,6,0.45,15138,7492
hqc256,50,7,0.44,15138,7492
hqc256,50,8,0.45,15137,7492
hqc256,50,9,0.46,15138,7492
hqc256,50,10,0.45,15138,7492
hqc256,50,11,0.45,15138,7492
hqc256,50,12,0.44,15137,7492
hqc256,50,13,0.44,15138,7492
hqc256,50,14,0.44,15138,7492
hqc256,50,15,0.46,15139,7492
hqc256,50,16,0.44,15138,7492
hqc256,50,17,0.45,15137,7492
hqc256,50,18,0.45,15137,7492
hqc256,50,19,0.45,15138,7492
hqc256,50,20,0.46,15138,7492
x25519,100,1,0.32,750,287
x25519,100,2,0.32,749,287
x25519,100,3,0.32,749,287
x25519,100,4,0.32,750,287
x25519,100,5,0.32,749,287
x25519,100,6,0.32,750,287
x25519,100,7,0.32,750,287
x25519,100,8,0.32,750,287
x25519,100,9,0.32,749,287
x25519,100,10,0.32,749,287
x25519,100,11,0.32,748,287
x25519,100,12,0.32,749,287
x25519,100,13,0.32,748,287
x25519,100,14,0.32,749,287
x25519,100,15,0.32,750,287
x25519,100,16,0.32,750,287
x25519,100,17,0.32,750,287
x25519,100,18,0.32,749,287
x25519,100,19,0.32,750,287
x25519,100,20,0.32,748,287
X25519MLKEM768,100,1,0.33,1837,1463
X25519MLKEM768,100,2,0.32,1838,1463
X25519MLKEM768,100,3,0.32,1837,1463
X25519MLKEM768,100,4,0.32,1837,1463
X25519MLKEM768,100,5,0.32,1838,1463
X25519MLKEM768,100,6,0.32,1838,1463
X25519MLKEM768,100,7,0.31,1837,1463
X25519MLKEM768,100,8,0.31,1837,1463
X25519MLKEM768,100,9,0.31,1836,1463
X25519MLKEM768,100,10,0.32,1837,1463
X25519MLKEM768,100,11,0.32,1836,1463
X25519MLKEM768,100,12,0.32,1836,1463
X25519MLKEM768,100,13,0.32,1837,1463
X25519MLKEM768,100,14,0.32,1837,1463
X25519MLKEM768,100,15,0.33,1838,1463
X25519MLKEM768,100,16,0.33,1836,1463
X25519MLKEM768,100,17,0.32,1837,1463
X25519MLKEM768,100,18,0.32,1836,1463
X25519MLKEM768,100,19,0.33,1837,1463
X25519MLKEM768,100,20,0.32,1837,1463
mlkem512,100,1,0.32,1486,1047
mlkem512,100,2,0.32,1484,1047
mlkem512,100,3,0.32,1485,1047
mlkem512,100,4,0.32,1484,1047
mlkem512,100,5,0.32,1484,1047
mlkem512,100,6,0.31,1484,1047
mlkem512,100,7,0.32,1485,1047
mlkem512,100,8,0.32,1485,1047
mlkem512,100,9,0.32,1485,1047
mlkem512,100,10,0.32,1485,1047
mlkem512,100,11,0.32,1486,1047
mlkem512,100,12,0.32,1486,1047
mlkem512,100,13,0.32,1485,1047
mlkem512,100,14,0.31,1485,1047
mlkem512,100,15,0.32,1486,1047
mlkem512,100,16,0.31,1485,1047
mlkem512,100,17,0.32,1486,1047
mlkem512,100,18,0.32,1485,1047
mlkem512,100,19,0.32,1485,1047
mlkem512,100,20,0.32,1486,1047
mlkem768,100,1,0.32,1805,1431
mlkem768,100,2,0.32,1805,1431
mlkem768,100,3,0.32,1804,1431
mlkem768,100,4,0.32,1805,1431
mlkem768,100,5,0.32,1806,1431
mlkem768,100,6,0.32,1805,1431
mlkem768,100,7,0.32,1805,1431
mlkem768,100,8,0.32,1805,1431
mlkem768,100,9,0.32,1805,1431
mlkem768,100,10,0.32,1805,1431
mlkem768,100,11,0.32,1804,1431
mlkem768,100,12,0.31,1804,1431
mlkem768,100,13,0.32,1804,1431
mlkem768,100,14,0.32,1806,1431
mlkem768,100,15,0.32,1806,1431
mlkem768,100,16,0.32,1805,1431
mlkem768,100,17,0.32,1805,1431
mlkem768,100,18,0.32,1806,1431
mlkem768,100,19,0.32,1806,1431
mlkem768,100,20,0.32,1805,1431
mlkem1024,100,1,0.32,2284,1815
mlkem1024,100,2,0.32,2284,1815
mlkem1024,100,3,0.32,2285,1815
mlkem1024,100,4,0.32,2285,1815
mlkem1024,100,5,0.32,2286,1815
mlkem1024,100,6,0.32,2285,1815
mlkem1024,100,7,0.32,2285,1815
mlkem1024,100,8,0.32,2286,1815
mlkem1024,100,9,0.32,2286,1815
mlkem1024,100,10,0.32,2284,1815
mlkem1024,100,11,0.32,2286,1815
mlkem1024,100,12,0.32,2284,1815
mlkem1024,100,13,0.32,2285,1815
mlkem1024,100,14,0.32,2285,1815
mlkem1024,100,15,0.32,2284,1815
mlkem1024,100,16,0.32,2285,1815
mlkem1024,100,17,0.32,2284,1815
mlkem1024,100,18,0.32,2285,1815
mlkem1024,100,19,0.32,2285,1815
mlkem1024,100,20,0.32,2285,1815
hqc128,100,1,0.38,5151,2496
hqc128,100,2,0.38,5150,2496
hqc128,100,3,0.38,5149,2496
hqc128,100,4,0.38,5150,2496
hqc128,100,5,0.38,5149,2496
hqc128,100,6,0.38,5150,2496
hqc128,100,7,0.38,5150,2496
hqc128,100,8,0.38,5150,2496
hqc128,100,9,0.37,5151,2496
hqc128,100,10,0.38,5149,2496
hqc128,100,11,0.38,5151,2496
hqc128,100,12,0.37,5149,2496
hqc128,100,13,0.38,5150,2496
hqc128,100,14,0.38,5151,2496
hqc128,100,15,0.39,5149,2496
hqc128,100,16,0.38,5149,2496
hqc128,100,17,0.37,5150,2496
hqc128,100,18,0.38,5150,2496
hqc128,100,19,0.38,5149,2496
hqc128,100,20,0.38,5151,2496
hqc192,100,1,0.46,9695,4769
hqc192,100,2,0.45,9695,4769
hqc192,100,3,0.44,9695,4769
hqc192,100,4,0.45,9696,4769
hqc192,100,5,0.45,9696,4769
hqc192,100,6,0.45,9695,4769
hqc192,100,7,0.45,9696,4769
hqc192,100,8,0.46,9695,4769
hqc192,100,9,0.46,9695,4769
hqc192,100,10,0.46,9695,4769
hqc192,100,11,0.46,9696,4769
hqc192,100,12,0.45,9696,4769
hqc192,100,13,0.46,9695,4769
hqc192,100,14,0.45,9695,4769
hqc192,100,15,0.45,9696,4769
hqc192,100,16,0.46,9696,4769
hqc192,100,17,0.45,9694,4769
hqc192,100,18,0.45,9695,4769
hqc192,100,19,0.45,9694,4769
hqc192,100,20,0.46,9695,4769
hqc256,100,1,0.65,15139,7492
hqc256,100,2,0.65,15138,7492
hqc256,100,3,0.65,15139,7492
hqc256,100,4,0.65,15139,7492
hqc256,100,5,0.66,15139,7492
hqc256,100,6,0.65,15139,7492
hqc256,100,7,0.65,15139,7492
hqc256,100,8,0.65,15138,7492
hqc256,100,9,0.65,15138,7492
hqc256,100,10,0.64,15137,7492
hqc256,100,11,0.65,15137,7492
hqc256,100,12,0.65,15139,7492
hqc256,100,13,0.65,15138,7492
hqc256,100,14,0.65,15138,7492
hqc256,100,15,0.64,15137,7492
hqc256,100,16,0.66,15138,7492
hqc256,100,17,0.65,15137,7492
hqc256,100,18,0.65,15138,7492
hqc256,100,19,0.65,15138,7492
hqc256,100,20,0.66,15139,7492
