scheme,set,category,pk,ct,rtt_ms,trial,seconds
ML-KEM,ML-KEM-512,1,800,768,50,0,0.102043
ML-KEM,ML-KEM-512,1,800,768,50,1,0.101343
ML-KEM,ML-KEM-512,1,800,768,50,2,0.101236
ML-KEM,ML-KEM-512,1,800,768,50,3,0.101338
ML-KEM,ML-KEM-512,1,800,768,50,4,0.100884
ML-KEM,ML-KEM-512,1,800,768,50,5,0.101021
ML-KEM,ML-KEM-512,1,800,768,50,6,0.100910
ML-KEM,ML-KEM-512,1,800,768,50,7,0.101240
ML-KEM,ML-KEM-512,1,800,768,50,8,0.101094
ML-KEM,ML-KEM-512,1,800,768,50,9,0.100955
ML-KEM,ML-KEM-512,1,800,768,50,10,0.100839
ML-KEM,ML-KEM-512,1,800,768,50,11,0.100911
ML-KEM,ML-KEM-512,1,800,768,50,12,0.100933
ML-KEM,ML-KEM-512,1,800,768,50,13,0.100835
ML-KEM,ML-KEM-512,1,800,768,50,14,0.100663
ML-KEM,ML-KEM-512,1,800,768,50,15,0.100649
ML-KEM,ML-KEM-512,1,800,768,50,16,0.100561
ML-KEM,ML-KEM-512,1,800,768,50,17,0.361099
ML-KEM,ML-KEM-512,1,800,768,50,18,0.100809
ML-KEM,ML-KEM-512,1,800,768,50,19,0.100759
ML-KEM,ML-KEM-512,1,800,768,50,20,0.100793
ML-KEM,ML-KEM-512,1,800,768,50,21,0.100808
ML-KEM,ML-KEM-512,1,800,768,50,22,0.100661
ML-KEM,ML-KEM-512,1,800,768,50,23,0.100662
ML-KEM,ML-KEM-512,1,800,768,50,24,0.100837
ML-KEM,ML-KEM-512,1,800,768,50,25,0.100798
ML-KEM,ML-KEM-512,1,800,768,50,26,0.100850
ML-KEM,ML-KEM-512,1,800,768,50,27,0.101085
ML-KEM,ML-KEM-512,1,800,768,50,28,0.101010
ML-KEM,ML-KEM-512,1,800,768,50,29,0.100815
ML-KEM,ML-KEM-768,3,1184,1088,50,0,0.101006
ML-KEM,ML-KEM-768,3,1184,1088,50,1,0.100994
ML-KEM,ML-KEM-768,3,1184,1088,50,2,0.100843
ML-KEM,ML-KEM-768,3,1184,1088,50,3,0.100990
ML-KEM,ML-KEM-768,3,1184,1088,50,4,0.100940
ML-KEM,ML-KEM-768,3,1184,1088,50,5,0.100856
ML-KEM,ML-KEM-768,3,1184,1088,50,6,0.100936
ML-KEM,ML-KEM-768,3,1184,1088,50,7,0.100723
ML-KEM,ML-KEM-768,3,1184,1088,50,8,0.100700
ML-KEM,ML-KEM-768,3,1184,1088,50,9,0.166730
ML-KEM,ML-KEM-768,3,1184,1088,50,10,0.101163
ML-KEM,ML-KEM-768,3,1184,1088,50,11,0.101147
ML-KEM,ML-KEM-768,3,1184,1088,50,12,0.357112
ML-KEM,ML-KEM-768,3,1184,1088,50,13,0.101212
ML-KEM,ML-KEM-768,3,1184,1088,50,14,0.101014
ML-KEM,ML-KEM-768,3,1184,1088,50,15,0.101020
ML-KEM,ML-KEM-768,3,1184,1088,50,16,0.101295
ML-KEM,ML-KEM-768,3,1184,1088,50,17,0.101235
ML-KEM,ML-KEM-768,3,1184,1088,50,18,0.101112
ML-KEM,ML-KEM-768,3,1184,1088,50,19,0.100940
ML-KEM,ML-KEM-768,3,1184,1088,50,20,0.101418
ML-KEM,ML-KEM-768,3,1184,1088,50,21,0.101170
ML-KEM,ML-KEM-768,3,1184,1088,50,22,0.101223
ML-KEM,ML-KEM-768,3,1184,1088,50,23,0.101090
ML-KEM,ML-KEM-768,3,1184,1088,50,24,1.157863
ML-KEM,ML-KEM-768,3,1184,1088,50,25,0.101362
ML-KEM,ML-KEM-768,3,1184,1088,50,26,0.100976
ML-KEM,ML-KEM-768,3,1184,1088,50,27,0.101067
ML-KEM,ML-KEM-768,3,1184,1088,50,28,0.101016
ML-KEM,ML-KEM-768,3,1184,1088,50,29,0.101013
ML-KEM,ML-KEM-1024,5,1568,1568,50,0,0.101118
ML-KEM,ML-KEM-1024,5,1568,1568,50,1,0.101155
ML-KEM,ML-KEM-1024,5,1568,1568,50,2,0.101217
ML-KEM,ML-KEM-1024,5,1568,1568,50,3,0.101029
ML-KEM,ML-KEM-1024,5,1568,1568,50,4,1.134728
ML-KEM,ML-KEM-1024,5,1568,1568,50,5,1.176796
ML-KEM,ML-KEM-1024,5,1568,1568,50,6,0.101007
ML-KEM,ML-KEM-1024,5,1568,1568,50,7,0.100927
ML-KEM,ML-KEM-1024,5,1568,1568,50,8,0.100933
ML-KEM,ML-KEM-1024,5,1568,1568,50,9,0.100894
ML-KEM,ML-KEM-1024,5,1568,1568,50,10,0.100842
ML-KEM,ML-KEM-1024,5,1568,1568,50,11,0.100839
ML-KEM,ML-KEM-1024,5,1568,1568,50,12,0.100594
ML-KEM,ML-KEM-1024,5,1568,1568,50,13,0.100422
ML-KEM,ML-KEM-1024,5,1568,1568,50,14,0.100738
ML-KEM,ML-KEM-1024,5,1568,1568,50,15,0.100816
ML-KEM,ML-KEM-1024,5,1568,1568,50,16,0.100781
ML-KEM,ML-KEM-1024,5,1568,1568,50,17,0.100717
ML-KEM,ML-KEM-1024,5,1568,1568,50,18,0.100914
ML-KEM,ML-KEM-1024,5,1568,1568,50,19,1.183237
ML-KEM,ML-KEM-1024,5,1568,1568,50,20,0.101117
ML-KEM,ML-KEM-1024,5,1568,1568,50,21,0.101008
ML-KEM,ML-KEM-1024,5,1568,1568,50,22,0.101063
ML-KEM,ML-KEM-1024,5,1568,1568,50,23,1.476300
ML-KEM,ML-KEM-1024,5,1568,1568,50,24,0.100828
ML-KEM,ML-KEM-1024,5,1568,1568,50,25,0.100909
ML-KEM,ML-KEM-1024,5,1568,1568,50,26,0.100836
ML-KEM,ML-KEM-1024,5,1568,1568,50,27,0.100792
ML-KEM,ML-KEM-1024,5,1568,1568,50,28,0.100727
ML-KEM,ML-KEM-1024,5,1568,1568,50,29,0.100788
NTRU,ntruhps2048677,1,930,930,50,0,0.100603
NTRU,ntruhps2048677,1,930,930,50,1,0.100694
NTRU,ntruhps2048677,1,930,930,50,2,0.100755
NTRU,ntruhps2048677,1,930,930,50,3,0.100734
NTRU,ntruhps2048677,1,930,930,50,4,0.100688
NTRU,ntruhps2048677,1,930,930,50,5,0.100658
NTRU,ntruhps2048677,1,930,930,50,6,0.100705
NTRU,ntruhps2048677,1,930,930,50,7,0.100790
NTRU,ntruhps2048677,1,930,930,50,8,0.100754
NTRU,ntruhps2048677,1,930,930,50,9,0.100707
NTRU,ntruhps2048677,1,930,930,50,10,0.100577
NTRU,ntruhps2048677,1,930,930,50,11,0.100662
NTRU,ntruhps2048677,1,930,930,50,12,0.100704
NTRU,ntruhps2048677,1,930,930,50,13,0.100816
NTRU,ntruhps2048677,1,930,930,50,14,0.100679
NTRU,ntruhps2048677,1,930,930,50,15,0.100958
NTRU,ntruhps2048677,1,930,930,50,16,0.100852
NTRU,ntruhps2048677,1,930,930,50,17,0.100789
NTRU,ntruhps2048677,1,930,930,50,18,0.100647
NTRU,ntruhps2048677,1,930,930,50,19,0.100742
NTRU,ntruhps2048677,1,930,930,50,20,0.100812
NTRU,ntruhps2048677,1,930,930,50,21,0.100742
NTRU,ntruhps2048677,1,930,930,50,22,0.100959
NTRU,ntruhps2048677,1,930,930,50,23,0.101031
NTRU,ntruhps2048677,1,930,930,50,24,0.100942
NTRU,ntruhps2048677,1,930,930,50,25,0.100992
NTRU,ntruhps2048677,1,930,930,50,26,0.101188
NTRU,ntruhps2048677,1,930,930,50,27,0.101098
NTRU,ntruhps2048677,1,930,930,50,28,0.100939
NTRU,ntruhps2048677,1,930,930,50,29,0.100801
NTRU,ntruhps4096821,3,1230,1230,50,0,0.101069
NTRU,ntruhps4096821,3,1230,1230,50,1,0.100973
NTRU,ntruhps4096821,3,1230,1230,50,2,0.100927
NTRU,ntruhps4096821,3,1230,1230,50,3,0.101092
NTRU,ntruhps4096821,3,1230,1230,50,4,0.100905
NTRU,ntruhps4096821,3,1230,1230,50,5,0.100852
NTRU,ntruhps4096821,3,1230,1230,50,6,0.100847
NTRU,ntruhps4096821,3,1230,1230,50,7,0.100908
NTRU,ntruhps4096821,3,1230,1230,50,8,0.100998
NTRU,ntruhps4096821,3,1230,1230,50,9,0.100879
NTRU,ntruhps4096821,3,1230,1230,50,10,0.100820
NTRU,ntruhps4096821,3,1230,1230,50,11,0.100849
NTRU,ntruhps4096821,3,1230,1230,50,12,0.100693
NTRU,ntruhps4096821,3,1230,1230,50,13,0.100740
NTRU,ntruhps4096821,3,1230,1230,50,14,0.100890
NTRU,ntruhps4096821,3,1230,1230,50,15,0.100632
NTRU,ntruhps4096821,3,1230,1230,50,16,0.100646
NTRU,ntruhps4096821,3,1230,1230,50,17,0.100627
NTRU,ntruhps4096821,3,1230,1230,50,18,0.100811
NTRU,ntruhps4096821,3,1230,1230,50,19,0.100789
NTRU,ntruhps4096821,3,1230,1230,50,20,0.100800
NTRU,ntruhps4096821,3,1230,1230,50,21,0.100996
NTRU,ntruhps4096821,3,1230,1230,50,22,0.100721
NTRU,ntruhps4096821,3,1230,1230,50,23,0.100628
NTRU,ntruhps4096821,3,1230,1230,50,24,0.100635
NTRU,ntruhps4096821,3,1230,1230,50,25,0.100741
NTRU,ntruhps4096821,3,1230,1230,50,26,0.100930
NTRU,ntruhps4096821,3,1230,1230,50,27,0.100827
NTRU,ntruhps4096821,3,1230,1230,50,28,0.100794
NTRU,ntruhps4096821,3,1230,1230,50,29,0.100785
HQC,HQC-1,1,2241,4433,50,0,0.101044
HQC,HQC-1,1,2241,4433,50,1,0.100675
HQC,HQC-1,1,2241,4433,50,2,0.100633
HQC,HQC-1,1,2241,4433,50,3,0.100864
HQC,HQC-1,1,2241,4433,50,4,0.100783
HQC,HQC-1,1,2241,4433,50,5,0.100774
HQC,HQC-1,1,2241,4433,50,6,0.100897
HQC,HQC-1,1,2241,4433,50,7,1.124079
HQC,HQC-1,1,2241,4433,50,8,0.100822
HQC,HQC-1,1,2241,4433,50,9,0.101058
HQC,HQC-1,1,2241,4433,50,10,0.100954
HQC,HQC-1,1,2241,4433,50,11,0.101105
HQC,HQC-1,1,2241,4433,50,12,0.100842
HQC,HQC-1,1,2241,4433,50,13,1.233826
HQC,HQC-1,1,2241,4433,50,14,0.101350
HQC,HQC-1,1,2241,4433,50,15,0.100924
HQC,HQC-1,1,2241,4433,50,16,0.100949
HQC,HQC-1,1,2241,4433,50,17,0.100911
HQC,HQC-1,1,2241,4433,50,18,1.119402
HQC,HQC-1,1,2241,4433,50,19,0.101036
HQC,HQC-1,1,2241,4433,50,20,0.101243
HQC,HQC-1,1,2241,4433,50,21,0.100829
HQC,HQC-1,1,2241,4433,50,22,0.100782
HQC,HQC-1,1,2241,4433,50,23,0.100808
HQC,HQC-1,1,2241,4433,50,24,0.100846
HQC,HQC-1,1,2241,4433,50,25,0.100861
HQC,HQC-1,1,2241,4433,50,26,0.100726
HQC,HQC-1,1,2241,4433,50,27,0.100774
HQC,HQC-1,1,2241,4433,50,28,0.100740
HQC,HQC-1,1,2241,4433,50,29,0.100714
HQC,HQC-3,3,4514,8978,50,0,0.101006
HQC,HQC-3,3,4514,8978,50,1,0.100865
HQC,HQC-3,3,4514,8978,50,2,0.101060
HQC,HQC-3,3,4514,8978,50,3,0.100956
HQC,HQC-3,3,4514,8978,50,4,0.100927
HQC,HQC-3,3,4514,8978,50,5,0.101043
HQC,HQC-3,3,4514,8978,50,6,0.101153
HQC,HQC-3,3,4514,8978,50,7,0.217298
HQC,HQC-3,3,4514,8978,50,8,0.101166
HQC,HQC-3,3,4514,8978,50,9,0.101356
HQC,HQC-3,3,4514,8978,50,10,0.101366
HQC,HQC-3,3,4514,8978,50,11,0.101354
HQC,HQC-3,3,4514,8978,50,12,0.101610
HQC,HQC-3,3,4514,8978,50,13,0.101194
HQC,HQC-3,3,4514,8978,50,14,0.101369
HQC,HQC-3,3,4514,8978,50,15,3.238709
HQC,HQC-3,3,4514,8978,50,16,0.100745
HQC,HQC-3,3,4514,8978,50,17,0.101066
HQC,HQC-3,3,4514,8978,50,18,0.166813
HQC,HQC-3,3,4514,8978,50,19,0.100840
HQC,HQC-3,3,4514,8978,50,20,0.100882
HQC,HQC-3,3,4514,8978,50,21,0.101043
HQC,HQC-3,3,4514,8978,50,22,0.100640
HQC,HQC-3,3,4514,8978,50,23,0.100823
HQC,HQC-3,3,4514,8978,50,24,0.216829
HQC,HQC-3,3,4514,8978,50,25,0.101041
HQC,HQC-3,3,4514,8978,50,26,0.216927
HQC,HQC-3,3,4514,8978,50,27,0.101007
HQC,HQC-3,3,4514,8978,50,28,0.101231
HQC,HQC-3,3,4514,8978,50,29,0.101023
HQC,HQC-5,5,7237,14421,50,0,0.100888
HQC,HQC-5,5,7237,14421,50,1,0.100935
HQC,HQC-5,5,7237,14421,50,2,0.101358
HQC,HQC-5,5,7237,14421,50,3,0.100976
HQC,HQC-5,5,7237,14421,50,4,0.100936
HQC,HQC-5,5,7237,14421,50,5,0.100792
HQC,HQC-5,5,7237,14421,50,6,0.101185
HQC,HQC-5,5,7237,14421,50,7,0.101272
HQC,HQC-5,5,7237,14421,50,8,0.101150
HQC,HQC-5,5,7237,14421,50,9,0.101011
HQC,HQC-5,5,7237,14421,50,10,0.101071
HQC,HQC-5,5,7237,14421,50,11,0.101005
HQC,HQC-5,5,7237,14421,50,12,0.101185
HQC,HQC-5,5,7237,14421,50,13,0.101085
HQC,HQC-5,5,7237,14421,50,14,0.101328
HQC,HQC-5,5,7237,14421,50,15,0.101280
HQC,HQC-5,5,7237,14421,50,16,0.101203
HQC,HQC-5,5,7237,14421,50,17,0.101145
HQC,HQC-5,5,7237,14421,50,18,1.286686
HQC,HQC-5,5,7237,14421,50,19,0.101244
HQC,HQC-5,5,7237,14421,50,20,0.101575
HQC,HQC-5,5,7237,14421,50,21,0.101117
HQC,HQC-5,5,7237,14421,50,22,0.151701
HQC,HQC-5,5,7237,14421,50,23,0.151701
HQC,HQC-5,5,7237,14421,50,24,0.101121
HQC,HQC-5,5,7237,14421,50,25,0.101042
HQC,HQC-5,5,7237,14421,50,26,0.101225
HQC,HQC-5,5,7237,14421,50,27,0.201508
HQC,HQC-5,5,7237,14421,50,28,0.101256
HQC,HQC-5,5,7237,14421,50,29,0.101199
McEliece,mceliece348864,1,261120,96,50,0,1.355111
McEliece,mceliece348864,1,261120,96,50,1,0.302555
McEliece,mceliece348864,1,261120,96,50,2,0.302787
McEliece,mceliece348864,1,261120,96,50,3,0.404886
McEliece,mceliece348864,1,261120,96,50,4,0.403225
McEliece,mceliece348864,1,261120,96,50,5,0.352664
McEliece,mceliece348864,1,261120,96,50,6,0.302851
McEliece,mceliece348864,1,261120,96,50,7,0.302536
McEliece,mceliece348864,1,261120,96,50,8,0.302427
McEliece,mceliece348864,1,261120,96,50,9,0.553652
McEliece,mceliece348864,1,261120,96,50,10,0.302495
McEliece,mceliece348864,1,261120,96,50,11,0.402820
McEliece,mceliece348864,1,261120,96,50,12,0.352407
McEliece,mceliece348864,1,261120,96,50,13,0.302573
McEliece,mceliece348864,1,261120,96,50,14,0.402775
McEliece,mceliece348864,1,261120,96,50,15,0.351744
McEliece,mceliece348864,1,261120,96,50,16,0.301506
McEliece,mceliece348864,1,261120,96,50,17,0.301054
McEliece,mceliece348864,1,261120,96,50,18,0.603332
McEliece,mceliece348864,1,261120,96,50,19,0.352837
McEliece,mceliece348864,1,261120,96,50,20,0.302259
McEliece,mceliece348864,1,261120,96,50,21,0.302731
McEliece,mceliece348864,1,261120,96,50,22,0.468466
McEliece,mceliece348864,1,261120,96,50,23,0.303450
McEliece,mceliece348864,1,261120,96,50,24,0.303122
McEliece,mceliece348864,1,261120,96,50,25,0.454509
McEliece,mceliece348864,1,261120,96,50,26,0.302632
McEliece,mceliece348864,1,261120,96,50,27,0.353415
McEliece,mceliece348864,1,261120,96,50,28,0.454703
McEliece,mceliece348864,1,261120,96,50,29,0.302598
McEliece,mceliece460896,3,524160,156,50,0,1.314408
McEliece,mceliece460896,3,524160,156,50,1,0.454078
McEliece,mceliece460896,3,524160,156,50,2,0.453425
McEliece,mceliece460896,3,524160,156,50,3,0.503469
McEliece,mceliece460896,3,524160,156,50,4,0.453143
McEliece,mceliece460896,3,524160,156,50,5,0.503887
McEliece,mceliece460896,3,524160,156,50,6,0.453151
McEliece,mceliece460896,3,524160,156,50,7,0.604617
McEliece,mceliece460896,3,524160,156,50,8,0.454451
McEliece,mceliece460896,3,524160,156,50,9,0.554327
McEliece,mceliece460896,3,524160,156,50,10,0.554998
McEliece,mceliece460896,3,524160,156,50,11,0.453574
McEliece,mceliece460896,3,524160,156,50,12,1.458438
McEliece,mceliece460896,3,524160,156,50,13,0.605499
McEliece,mceliece460896,3,524160,156,50,14,0.955797
McEliece,mceliece460896,3,524160,156,50,15,0.554080
McEliece,mceliece460896,3,524160,156,50,16,1.055689
McEliece,mceliece460896,3,524160,156,50,17,0.403244
McEliece,mceliece460896,3,524160,156,50,18,0.553614
McEliece,mceliece460896,3,524160,156,50,19,0.906354
McEliece,mceliece460896,3,524160,156,50,20,0.504253
McEliece,mceliece460896,3,524160,156,50,21,1.458298
McEliece,mceliece460896,3,524160,156,50,22,1.198100
McEliece,mceliece460896,3,524160,156,50,23,0.503924
McEliece,mceliece460896,3,524160,156,50,24,0.554421
McEliece,mceliece460896,3,524160,156,50,25,1.959448
McEliece,mceliece460896,3,524160,156,50,26,3.041416
McEliece,mceliece460896,3,524160,156,50,27,0.504000
McEliece,mceliece460896,3,524160,156,50,28,0.663390
McEliece,mceliece460896,3,524160,156,50,29,0.453459
McEliece,mceliece8192128,5,1357824,208,50,0,3.316304
McEliece,mceliece8192128,5,1357824,208,50,1,1.560869
McEliece,mceliece8192128,5,1357824,208,50,2,2.564837
McEliece,mceliece8192128,5,1357824,208,50,3,2.660405
McEliece,mceliece8192128,5,1357824,208,50,4,0.806424
McEliece,mceliece8192128,5,1357824,208,50,5,3.317729
McEliece,mceliece8192128,5,1357824,208,50,6,0.958071
McEliece,mceliece8192128,5,1357824,208,50,7,0.856854
McEliece,mceliece8192128,5,1357824,208,50,8,3.371755
McEliece,mceliece8192128,5,1357824,208,50,9,1.206535
McEliece,mceliece8192128,5,1357824,208,50,10,0.808044
McEliece,mceliece8192128,5,1357824,208,50,11,1.911083
McEliece,mceliece8192128,5,1357824,208,50,12,0.659124
McEliece,mceliece8192128,5,1357824,208,50,13,0.958025
McEliece,mceliece8192128,5,1357824,208,50,14,2.385594
McEliece,mceliece8192128,5,1357824,208,50,15,3.760012
McEliece,mceliece8192128,5,1357824,208,50,16,0.910057
McEliece,mceliece8192128,5,1357824,208,50,17,0.858031
McEliece,mceliece8192128,5,1357824,208,50,18,4.424903
McEliece,mceliece8192128,5,1357824,208,50,19,2.011586
McEliece,mceliece8192128,5,1357824,208,50,20,0.706639
McEliece,mceliece8192128,5,1357824,208,50,21,0.956982
McEliece,mceliece8192128,5,1357824,208,50,22,1.207812
McEliece,mceliece8192128,5,1357824,208,50,23,1.007910
McEliece,mceliece8192128,5,1357824,208,50,24,0.805834
McEliece,mceliece8192128,5,1357824,208,50,25,3.017805
McEliece,mceliece8192128,5,1357824,208,50,26,1.313991
McEliece,mceliece8192128,5,1357824,208,50,27,0.908118
McEliece,mceliece8192128,5,1357824,208,50,28,1.112394
McEliece,mceliece8192128,5,1357824,208,50,29,0.858175
