scheme,set,category,pk,ct,trial,seconds
ML-KEM,ML-KEM-512,1,800,768,0,0.470642
ML-KEM,ML-KEM-512,1,800,768,1,0.545389
ML-KEM,ML-KEM-512,1,800,768,2,0.481761
ML-KEM,ML-KEM-512,1,800,768,3,0.492309
ML-KEM,ML-KEM-512,1,800,768,4,0.563113
ML-KEM,ML-KEM-512,1,800,768,5,0.578835
ML-KEM,ML-KEM-512,1,800,768,6,0.549678
ML-KEM,ML-KEM-512,1,800,768,7,0.575837
ML-KEM,ML-KEM-512,1,800,768,8,0.546912
ML-KEM,ML-KEM-512,1,800,768,9,0.591079
ML-KEM,ML-KEM-512,1,800,768,10,0.562691
ML-KEM,ML-KEM-512,1,800,768,11,0.551755
ML-KEM,ML-KEM-512,1,800,768,12,0.652978
ML-KEM,ML-KEM-512,1,800,768,13,0.498062
ML-KEM,ML-KEM-512,1,800,768,14,0.690397
ML-KEM,ML-KEM-512,1,800,768,15,0.545612
ML-KEM,ML-KEM-512,1,800,768,16,0.508093
ML-KEM,ML-KEM-512,1,800,768,17,0.515498
ML-KEM,ML-KEM-512,1,800,768,18,0.580454
ML-KEM,ML-KEM-512,1,800,768,19,0.491107
ML-KEM,ML-KEM-512,1,800,768,20,0.536655
ML-KEM,ML-KEM-512,1,800,768,21,0.611223
ML-KEM,ML-KEM-512,1,800,768,22,0.614297
ML-KEM,ML-KEM-512,1,800,768,23,0.645127
ML-KEM,ML-KEM-512,1,800,768,24,0.586138
ML-KEM,ML-KEM-512,1,800,768,25,0.538174
ML-KEM,ML-KEM-512,1,800,768,26,0.584626
ML-KEM,ML-KEM-512,1,800,768,27,0.617172
ML-KEM,ML-KEM-512,1,800,768,28,0.508212
ML-KEM,ML-KEM-512,1,800,768,29,0.613796
ML-KEM,ML-KEM-768,3,1184,1088,0,0.621685
ML-KEM,ML-KEM-768,3,1184,1088,1,0.468995
ML-KEM,ML-KEM-768,3,1184,1088,2,0.475096
ML-KEM,ML-KEM-768,3,1184,1088,3,0.587403
ML-KEM,ML-KEM-768,3,1184,1088,4,0.612100
ML-KEM,ML-KEM-768,3,1184,1088,5,0.575509
ML-KEM,ML-KEM-768,3,1184,1088,6,0.651395
ML-KEM,ML-KEM-768,3,1184,1088,7,0.613777
ML-KEM,ML-KEM-768,3,1184,1088,8,0.613789
ML-KEM,ML-KEM-768,3,1184,1088,9,0.547402
ML-KEM,ML-KEM-768,3,1184,1088,10,0.533967
ML-KEM,ML-KEM-768,3,1184,1088,11,0.556804
ML-KEM,ML-KEM-768,3,1184,1088,12,0.466639
ML-KEM,ML-KEM-768,3,1184,1088,13,0.557115
ML-KEM,ML-KEM-768,3,1184,1088,14,0.513422
ML-KEM,ML-KEM-768,3,1184,1088,15,0.469165
ML-KEM,ML-KEM-768,3,1184,1088,16,0.483811
ML-KEM,ML-KEM-768,3,1184,1088,17,0.516991
ML-KEM,ML-KEM-768,3,1184,1088,18,0.581129
ML-KEM,ML-KEM-768,3,1184,1088,19,0.539529
ML-KEM,ML-KEM-768,3,1184,1088,20,0.581182
ML-KEM,ML-KEM-768,3,1184,1088,21,0.615968
ML-KEM,ML-KEM-768,3,1184,1088,22,0.636612
ML-KEM,ML-KEM-768,3,1184,1088,23,0.589480
ML-KEM,ML-KEM-768,3,1184,1088,24,0.613694
ML-KEM,ML-KEM-768,3,1184,1088,25,0.511867
ML-KEM,ML-KEM-768,3,1184,1088,26,0.715962
ML-KEM,ML-KEM-768,3,1184,1088,27,0.544853
ML-KEM,ML-KEM-768,3,1184,1088,28,0.585333
ML-KEM,ML-KEM-768,3,1184,1088,29,0.510837
ML-KEM,ML-KEM-1024,5,1568,1568,0,2.556594
ML-KEM,ML-KEM-1024,5,1568,1568,1,0.615519
ML-KEM,ML-KEM-1024,5,1568,1568,2,0.619297
ML-KEM,ML-KEM-1024,5,1568,1568,3,0.511827
ML-KEM,ML-KEM-1024,5,1568,1568,4,0.470215
ML-KEM,ML-KEM-1024,5,1568,1568,5,0.610089
ML-KEM,ML-KEM-1024,5,1568,1568,6,0.552171
ML-KEM,ML-KEM-1024,5,1568,1568,7,0.613578
ML-KEM,ML-KEM-1024,5,1568,1568,8,0.511284
ML-KEM,ML-KEM-1024,5,1568,1568,9,0.541042
ML-KEM,ML-KEM-1024,5,1568,1568,10,0.586883
ML-KEM,ML-KEM-1024,5,1568,1568,11,0.543797
ML-KEM,ML-KEM-1024,5,1568,1568,12,0.582511
ML-KEM,ML-KEM-1024,5,1568,1568,13,0.619507
ML-KEM,ML-KEM-1024,5,1568,1568,14,0.611859
ML-KEM,ML-KEM-1024,5,1568,1568,15,0.608339
ML-KEM,ML-KEM-1024,5,1568,1568,16,0.634936
ML-KEM,ML-KEM-1024,5,1568,1568,17,0.471247
ML-KEM,ML-KEM-1024,5,1568,1568,18,0.537492
ML-KEM,ML-KEM-1024,5,1568,1568,19,0.507355
ML-KEM,ML-KEM-1024,5,1568,1568,20,0.601054
ML-KEM,ML-KEM-1024,5,1568,1568,21,0.625947
ML-KEM,ML-KEM-1024,5,1568,1568,22,0.615742
ML-KEM,ML-KEM-1024,5,1568,1568,23,0.612659
ML-KEM,ML-KEM-1024,5,1568,1568,24,0.617689
ML-KEM,ML-KEM-1024,5,1568,1568,25,0.472670
ML-KEM,ML-KEM-1024,5,1568,1568,26,0.661362
ML-KEM,ML-KEM-1024,5,1568,1568,27,0.602895
ML-KEM,ML-KEM-1024,5,1568,1568,28,0.589636
ML-KEM,ML-KEM-1024,5,1568,1568,29,0.534981
NTRU,ntruhps2048677,1,930,930,0,0.615775
NTRU,ntruhps2048677,1,930,930,1,0.622008
NTRU,ntruhps2048677,1,930,930,2,0.623890
NTRU,ntruhps2048677,1,930,930,3,0.595002
NTRU,ntruhps2048677,1,930,930,4,0.543930
NTRU,ntruhps2048677,1,930,930,5,0.585765
NTRU,ntruhps2048677,1,930,930,6,0.470821
NTRU,ntruhps2048677,1,930,930,7,0.485297
NTRU,ntruhps2048677,1,930,930,8,0.576809
NTRU,ntruhps2048677,1,930,930,9,0.613037
NTRU,ntruhps2048677,1,930,930,10,0.575394
NTRU,ntruhps2048677,1,930,930,11,0.654188
NTRU,ntruhps2048677,1,930,930,12,0.545279
NTRU,ntruhps2048677,1,930,930,13,0.584578
NTRU,ntruhps2048677,1,930,930,14,0.608124
NTRU,ntruhps2048677,1,930,930,15,0.513085
NTRU,ntruhps2048677,1,930,930,16,0.612988
NTRU,ntruhps2048677,1,930,930,17,0.512130
NTRU,ntruhps2048677,1,930,930,18,0.473954
NTRU,ntruhps2048677,1,930,930,19,0.556474
NTRU,ntruhps2048677,1,930,930,20,0.509676
NTRU,ntruhps2048677,1,930,930,21,0.510247
NTRU,ntruhps2048677,1,930,930,22,0.610439
NTRU,ntruhps2048677,1,930,930,23,0.614073
NTRU,ntruhps2048677,1,930,930,24,0.473267
NTRU,ntruhps2048677,1,930,930,25,0.590692
NTRU,ntruhps2048677,1,930,930,26,0.677716
NTRU,ntruhps2048677,1,930,930,27,0.821133
NTRU,ntruhps2048677,1,930,930,28,0.612572
NTRU,ntruhps2048677,1,930,930,29,0.622165
NTRU,ntruhps4096821,3,1230,1230,0,0.488494
NTRU,ntruhps4096821,3,1230,1230,1,0.729888
NTRU,ntruhps4096821,3,1230,1230,2,0.615822
NTRU,ntruhps4096821,3,1230,1230,3,0.541581
NTRU,ntruhps4096821,3,1230,1230,4,0.599430
NTRU,ntruhps4096821,3,1230,1230,5,0.497691
NTRU,ntruhps4096821,3,1230,1230,6,0.508640
NTRU,ntruhps4096821,3,1230,1230,7,0.614018
NTRU,ntruhps4096821,3,1230,1230,8,0.614191
NTRU,ntruhps4096821,3,1230,1230,9,0.618628
NTRU,ntruhps4096821,3,1230,1230,10,0.618112
NTRU,ntruhps4096821,3,1230,1230,11,0.615101
NTRU,ntruhps4096821,3,1230,1230,12,0.509212
NTRU,ntruhps4096821,3,1230,1230,13,0.510054
NTRU,ntruhps4096821,3,1230,1230,14,0.613242
NTRU,ntruhps4096821,3,1230,1230,15,0.538229
NTRU,ntruhps4096821,3,1230,1230,16,0.492784
NTRU,ntruhps4096821,3,1230,1230,17,0.528193
NTRU,ntruhps4096821,3,1230,1230,18,0.521574
NTRU,ntruhps4096821,3,1230,1230,19,0.681994
NTRU,ntruhps4096821,3,1230,1230,20,0.543517
NTRU,ntruhps4096821,3,1230,1230,21,0.583136
NTRU,ntruhps4096821,3,1230,1230,22,0.609968
NTRU,ntruhps4096821,3,1230,1230,23,0.546705
NTRU,ntruhps4096821,3,1230,1230,24,0.583379
NTRU,ntruhps4096821,3,1230,1230,25,0.542283
NTRU,ntruhps4096821,3,1230,1230,26,0.482734
NTRU,ntruhps4096821,3,1230,1230,27,0.613722
NTRU,ntruhps4096821,3,1230,1230,28,0.544579
NTRU,ntruhps4096821,3,1230,1230,29,0.582740
HQC,HQC-1,1,2241,4433,0,0.477151
HQC,HQC-1,1,2241,4433,1,0.540218
HQC,HQC-1,1,2241,4433,2,0.622255
HQC,HQC-1,1,2241,4433,3,0.612956
HQC,HQC-1,1,2241,4433,4,0.611028
HQC,HQC-1,1,2241,4433,5,0.616043
HQC,HQC-1,1,2241,4433,6,0.625770
HQC,HQC-1,1,2241,4433,7,0.606263
HQC,HQC-1,1,2241,4433,8,0.609164
HQC,HQC-1,1,2241,4433,9,0.618568
HQC,HQC-1,1,2241,4433,10,0.612870
HQC,HQC-1,1,2241,4433,11,0.611235
HQC,HQC-1,1,2241,4433,12,0.546859
HQC,HQC-1,1,2241,4433,13,0.599479
HQC,HQC-1,1,2241,4433,14,0.698853
HQC,HQC-1,1,2241,4433,15,0.622896
HQC,HQC-1,1,2241,4433,16,0.668155
HQC,HQC-1,1,2241,4433,17,0.548387
HQC,HQC-1,1,2241,4433,18,1.234001
HQC,HQC-1,1,2241,4433,19,0.619704
HQC,HQC-1,1,2241,4433,20,0.612040
HQC,HQC-1,1,2241,4433,21,0.701688
HQC,HQC-1,1,2241,4433,22,0.726174
HQC,HQC-1,1,2241,4433,23,0.573623
HQC,HQC-1,1,2241,4433,24,0.650523
HQC,HQC-1,1,2241,4433,25,0.610902
HQC,HQC-1,1,2241,4433,26,0.619755
HQC,HQC-1,1,2241,4433,27,0.610916
HQC,HQC-1,1,2241,4433,28,0.540310
HQC,HQC-1,1,2241,4433,29,0.467818
HQC,HQC-3,3,4514,8978,0,0.646067
HQC,HQC-3,3,4514,8978,1,0.596796
HQC,HQC-3,3,4514,8978,2,0.474476
HQC,HQC-3,3,4514,8978,3,0.652999
HQC,HQC-3,3,4514,8978,4,0.614200
HQC,HQC-3,3,4514,8978,5,0.613954
HQC,HQC-3,3,4514,8978,6,0.615916
HQC,HQC-3,3,4514,8978,7,0.609203
HQC,HQC-3,3,4514,8978,8,0.613047
HQC,HQC-3,3,4514,8978,9,0.547909
HQC,HQC-3,3,4514,8978,10,0.586053
HQC,HQC-3,3,4514,8978,11,0.610812
HQC,HQC-3,3,4514,8978,12,0.611913
HQC,HQC-3,3,4514,8978,13,0.615838
HQC,HQC-3,3,4514,8978,14,0.614038
HQC,HQC-3,3,4514,8978,15,0.619509
HQC,HQC-3,3,4514,8978,16,0.615083
HQC,HQC-3,3,4514,8978,17,0.659243
HQC,HQC-3,3,4514,8978,18,0.603262
HQC,HQC-3,3,4514,8978,19,0.574534
HQC,HQC-3,3,4514,8978,20,0.594081
HQC,HQC-3,3,4514,8978,21,0.493229
HQC,HQC-3,3,4514,8978,22,0.548860
HQC,HQC-3,3,4514,8978,23,0.624313
HQC,HQC-3,3,4514,8978,24,0.708672
HQC,HQC-3,3,4514,8978,25,0.577056
HQC,HQC-3,3,4514,8978,26,0.645761
HQC,HQC-3,3,4514,8978,27,0.613608
HQC,HQC-3,3,4514,8978,28,0.616819
HQC,HQC-3,3,4514,8978,29,0.621889
HQC,HQC-5,5,7237,14421,0,0.912268
HQC,HQC-5,5,7237,14421,1,0.815491
HQC,HQC-5,5,7237,14421,2,0.921600
HQC,HQC-5,5,7237,14421,3,0.825137
HQC,HQC-5,5,7237,14421,4,0.768889
HQC,HQC-5,5,7237,14421,5,0.722420
HQC,HQC-5,5,7237,14421,6,0.855624
HQC,HQC-5,5,7237,14421,7,0.921516
HQC,HQC-5,5,7237,14421,8,0.777273
HQC,HQC-5,5,7237,14421,9,0.766423
HQC,HQC-5,5,7237,14421,10,1.076512
HQC,HQC-5,5,7237,14421,11,0.897852
HQC,HQC-5,5,7237,14421,12,0.886461
HQC,HQC-5,5,7237,14421,13,0.873480
HQC,HQC-5,5,7237,14421,14,0.864083
HQC,HQC-5,5,7237,14421,15,0.753791
HQC,HQC-5,5,7237,14421,16,0.822611
HQC,HQC-5,5,7237,14421,17,0.812139
HQC,HQC-5,5,7237,14421,18,1.150178
HQC,HQC-5,5,7237,14421,19,0.933074
HQC,HQC-5,5,7237,14421,20,0.788099
HQC,HQC-5,5,7237,14421,21,0.881419
HQC,HQC-5,5,7237,14421,22,1.228346
HQC,HQC-5,5,7237,14421,23,0.752497
HQC,HQC-5,5,7237,14421,24,0.742657
HQC,HQC-5,5,7237,14421,25,0.788136
HQC,HQC-5,5,7237,14421,26,0.720249
HQC,HQC-5,5,7237,14421,27,0.789345
HQC,HQC-5,5,7237,14421,28,0.747577
HQC,HQC-5,5,7237,14421,29,0.885083
McEliece,mceliece348864,1,261120,96,0,2.250306
McEliece,mceliece348864,1,261120,96,1,1.945355
McEliece,mceliece348864,1,261120,96,2,1.841274
McEliece,mceliece348864,1,261120,96,3,2.153645
McEliece,mceliece348864,1,261120,96,4,1.527992
McEliece,mceliece348864,1,261120,96,5,2.149757
McEliece,mceliece348864,1,261120,96,6,2.277625
McEliece,mceliece348864,1,261120,96,7,1.988183
McEliece,mceliece348864,1,261120,96,8,2.124084
McEliece,mceliece348864,1,261120,96,9,1.790999
McEliece,mceliece348864,1,261120,96,10,1.738241
McEliece,mceliece348864,1,261120,96,11,2.359076
McEliece,mceliece348864,1,261120,96,12,2.141266
McEliece,mceliece348864,1,261120,96,13,1.755597
McEliece,mceliece348864,1,261120,96,14,1.828244
McEliece,mceliece348864,1,261120,96,15,2.350006
McEliece,mceliece348864,1,261120,96,16,1.948731
McEliece,mceliece348864,1,261120,96,17,2.244817
McEliece,mceliece348864,1,261120,96,18,1.739619
McEliece,mceliece348864,1,261120,96,19,1.856535
McEliece,mceliece348864,1,261120,96,20,2.336300
McEliece,mceliece348864,1,261120,96,21,1.648508
McEliece,mceliece348864,1,261120,96,22,2.340584
McEliece,mceliece348864,1,261120,96,23,1.742036
McEliece,mceliece348864,1,261120,96,24,2.349625
McEliece,mceliece348864,1,261120,96,25,1.738391
McEliece,mceliece348864,1,261120,96,26,2.045946
McEliece,mceliece348864,1,261120,96,27,2.507586
McEliece,mceliece348864,1,261120,96,28,1.649366
McEliece,mceliece348864,1,261120,96,29,1.778520
McEliece,mceliece460896,3,524160,156,0,2.961887
McEliece,mceliece460896,3,524160,156,1,2.050347
McEliece,mceliece460896,3,524160,156,2,2.404617
McEliece,mceliece460896,3,524160,156,3,1.883975
McEliece,mceliece460896,3,524160,156,4,2.452764
McEliece,mceliece460896,3,524160,156,5,2.454183
McEliece,mceliece460896,3,524160,156,6,3.382623
McEliece,mceliece460896,3,524160,156,7,3.474320
McEliece,mceliece460896,3,524160,156,8,2.419054
McEliece,mceliece460896,3,524160,156,9,3.517072
McEliece,mceliece460896,3,524160,156,10,3.288889
McEliece,mceliece460896,3,524160,156,11,2.784082
McEliece,mceliece460896,3,524160,156,12,3.714841
McEliece,mceliece460896,3,524160,156,13,1.934187
McEliece,mceliece460896,3,524160,156,14,3.281365
McEliece,mceliece460896,3,524160,156,15,3.065695
McEliece,mceliece460896,3,524160,156,16,2.152345
McEliece,mceliece460896,3,524160,156,17,2.141372
McEliece,mceliece460896,3,524160,156,18,2.450995
McEliece,mceliece460896,3,524160,156,19,2.812302
McEliece,mceliece460896,3,524160,156,20,2.776323
McEliece,mceliece460896,3,524160,156,21,2.386279
McEliece,mceliece460896,3,524160,156,22,2.404958
McEliece,mceliece460896,3,524160,156,23,2.096623
McEliece,mceliece460896,3,524160,156,24,1.978231
McEliece,mceliece460896,3,524160,156,25,2.625404
McEliece,mceliece460896,3,524160,156,26,3.780348
McEliece,mceliece460896,3,524160,156,27,1.843261
McEliece,mceliece460896,3,524160,156,28,1.942215
McEliece,mceliece460896,3,524160,156,29,3.780560
McEliece,mceliece8192128,5,1357824,208,0,3.884441
McEliece,mceliece8192128,5,1357824,208,1,3.267576
McEliece,mceliece8192128,5,1357824,208,2,3.789974
McEliece,mceliece8192128,5,1357824,208,3,5.953010
McEliece,mceliece8192128,5,1357824,208,4,2.295179
McEliece,mceliece8192128,5,1357824,208,5,2.455167
McEliece,mceliece8192128,5,1357824,208,6,6.460085
McEliece,mceliece8192128,5,1357824,208,7,3.778469
McEliece,mceliece8192128,5,1357824,208,8,4.941961
McEliece,mceliece8192128,5,1357824,208,9,6.004165
McEliece,mceliece8192128,5,1357824,208,10,6.105075
McEliece,mceliece8192128,5,1357824,208,11,5.964375
McEliece,mceliece8192128,5,1357824,208,12,5.469310
McEliece,mceliece8192128,5,1357824,208,13,6.693241
McEliece,mceliece8192128,5,1357824,208,14,5.036463
McEliece,mceliece8192128,5,1357824,208,15,2.462107
McEliece,mceliece8192128,5,1357824,208,16,3.666739
McEliece,mceliece8192128,5,1357824,208,17,3.956739
McEliece,mceliece8192128,5,1357824,208,18,6.681711
McEliece,mceliece8192128,5,1357824,208,19,2.469284
McEliece,mceliece8192128,5,1357824,208,20,5.577365
McEliece,mceliece8192128,5,1357824,208,21,4.867833
McEliece,mceliece8192128,5,1357824,208,22,3.363540
McEliece,mceliece8192128,5,1357824,208,23,3.217652
McEliece,mceliece8192128,5,1357824,208,24,6.600009
McEliece,mceliece8192128,5,1357824,208,25,5.675558
McEliece,mceliece8192128,5,1357824,208,26,2.805440
McEliece,mceliece8192128,5,1357824,208,27,3.672201
McEliece,mceliece8192128,5,1357824,208,28,3.737760
McEliece,mceliece8192128,5,1357824,208,29,3.923629
